frame,left,right
000000.jpg,0.2,0.2
000001.jpg,0.2,0.2
000002.jpg,0.2,0.2
000003.jpg,0.2,0.2
000004.jpg,0.2,0.2
000005.jpg,0.2,0.2
000006.jpg,0.2,0.2
000007.jpg,0.2,0.2
000008.jpg,0.26,0.1116
000009.jpg,0.26,-0.04
000010.jpg,0.26,-0.04
000011.jpg,0.2,0.0484
000012.jpg,0.2,0.2
000013.jpg,0.2,0.2
000014.jpg,0.2,0.2
000015.jpg,0.26,0.1116
000016.jpg,0.26,0.1116
000017.jpg,0.26,-0.04
000018.jpg,0.26,-0.04
000019.jpg,0.26,-0.04
000020.jpg,0.2,0.1368
000021.jpg,0.2,0.2
000022.jpg,0.2,0.2
000023.jpg,0.26,0.1116
000024.jpg,0.2,0.0484
000025.jpg,0.2,0.2
000026.jpg,0.2,0.2
000027.jpg,0.2,0.2
000028.jpg,0.2,0.2
000029.jpg,0.26,0.1116
000030.jpg,0.26,-0.04
000031.jpg,0.26,-0.04
000032.jpg,0.2,0.0484
000033.jpg,0.2,0.2
000034.jpg,0.2,0.2
000035.jpg,0.2,0.2
000036.jpg,0.26,0.0284
000037.jpg,0.26,-0.04
000038.jpg,0.26,-0.04
000039.jpg,0.26,-0.04
000040.jpg,0.2,0.1368
000041.jpg,0.2,0.2
000042.jpg,0.2,0.2
000043.jpg,0.2,0.2
000044.jpg,0.2,0.2
000045.jpg,0.2,0.2
000046.jpg,0.26,0.1116
000047.jpg,0.26,0.1116
000048.jpg,0.26,-0.04
000049.jpg,0.26,-0.04
000050.jpg,0.26,-0.04
000051.jpg,0.2,0.0484
000052.jpg,0.2,0.2
000053.jpg,0.2,0.2
000054.jpg,0.2,0.2
000055.jpg,0.2,0.2
000056.jpg,0.2,0.2
000057.jpg,0.2,0.2
000058.jpg,0.2,0.2
000059.jpg,0.2,0.2
000060.jpg,0.2,0.2
000061.jpg,0.2,0.2
000062.jpg,0.2,0.2
000063.jpg,0.2,0.2
000064.jpg,0.2,0.2
000065.jpg,0.2,0.2
000066.jpg,0.2,0.2
000067.jpg,0.2,0.2
000068.jpg,0.2,0.2
000069.jpg,0.2,0.2
000070.jpg,0.2,0.2
000071.jpg,0.2,0.2
000072.jpg,0.2,0.2
000073.jpg,0.2,0.2
000074.jpg,0.26,0.1116
000075.jpg,0.26,-0.04
000076.jpg,0.26,-0.04
000077.jpg,0.26,-0.04
000078.jpg,0.26,-0.04
000079.jpg,0.26,-0.04
000080.jpg,0.26,-0.04
000081.jpg,0.26,-0.04
000082.jpg,0.26,-0.04
000083.jpg,0.26,-0.04
000084.jpg,0.2,0.0432
000085.jpg,0.2,0.2
000086.jpg,0.2,0.2
000087.jpg,0.26,0.0232
000088.jpg,0.26,-0.04
000089.jpg,0.26,-0.04
000090.jpg,0.26,-0.04
000091.jpg,0.26,-0.04
000092.jpg,0.26,-0.04
000093.jpg,0.26,-0.2116
000094.jpg,0.26,-0.24
000095.jpg,0.26,-0.24
000096.jpg,0.26,-0.24
000097.jpg,0.26,-0.24
000098.jpg,0.26,-0.24
000099.jpg,0.26,-0.24
000100.jpg,0.26,-0.24
000101.jpg,0.26,-0.0632
000102.jpg,0.26,-0.04
000103.jpg,0.26,-0.04
000104.jpg,0.26,-0.04
000105.jpg,0.26,-0.04
000106.jpg,0.26,-0.04
000107.jpg,0.26,-0.04
000108.jpg,0.2,0.1368
000109.jpg,0.2,0.2
000110.jpg,0.2,0.2
000111.jpg,0.2,0.2
000112.jpg,0.26,0.1116
000113.jpg,0.26,-0.04
000114.jpg,0.26,-0.1284
000115.jpg,0.26,-0.24
000116.jpg,0.26,-0.24
000117.jpg,0.26,-0.24
000118.jpg,0.26,-0.24
000119.jpg,0.26,-0.24
000120.jpg,0.26,-0.24
000121.jpg,0.26,-0.24
000122.jpg,0.26,-0.24
000123.jpg,0.26,-0.24
000124.jpg,0.26,-0.24
000125.jpg,0.2,0.0252
000126.jpg,0.2,0.2
000127.jpg,0.2,0.2
000128.jpg,0.2,0.2
000129.jpg,0.2,0.2
000130.jpg,0.2,0.2
000131.jpg,0.2,0.2
000132.jpg,0.2,0.2
000133.jpg,0.2,0.2
000134.jpg,0.2,0.2
000135.jpg,0.2,0.2
000136.jpg,0.2,0.2
000137.jpg,0.2,0.2
000138.jpg,0.2,0.2
000139.jpg,0.0232,0.26
000140.jpg,0.0232,0.26
000141.jpg,-0.04,0.26
000142.jpg,-0.04,0.26
000143.jpg,-0.04,0.26
000144.jpg,-0.04,0.26
000145.jpg,-0.04,0.26
000146.jpg,-0.04,0.26
000147.jpg,-0.04,0.26
000148.jpg,-0.04,0.26
000149.jpg,-0.04,0.26
000150.jpg,-0.04,0.26
000151.jpg,-0.04,0.26
000152.jpg,-0.04,0.26
000153.jpg,-0.04,0.26
000154.jpg,-0.04,0.26
000155.jpg,-0.04,0.26
000156.jpg,-0.04,0.26
000157.jpg,-0.04,0.26
000158.jpg,-0.04,0.26
000159.jpg,0.0,0.0
000160.jpg,0.0,0.0
000161.jpg,0.0,0.0
000162.jpg,0.0,0.0
000163.jpg,0.0,0.0
000164.jpg,0.1768,0.1768
000165.jpg,0.2,0.2
000166.jpg,0.2,0.2
000167.jpg,0.2,0.2
000168.jpg,0.2,0.2
000169.jpg,0.2,0.2
000170.jpg,0.2,0.2
000171.jpg,0.2,0.2
000172.jpg,0.2,0.2
000173.jpg,0.2,0.2
000174.jpg,0.2,0.2
000175.jpg,0.2,0.2
000176.jpg,0.2,0.2
000177.jpg,0.2,0.2
000178.jpg,0.0232,0.26
000179.jpg,-0.04,0.26
000180.jpg,-0.04,0.26
000181.jpg,-0.04,0.26
000182.jpg,-0.04,0.26
000183.jpg,-0.04,0.26
000184.jpg,-0.04,0.26
000185.jpg,-0.04,0.26
000186.jpg,-0.04,0.26
000187.jpg,-0.04,0.26
000188.jpg,-0.04,0.26
000189.jpg,-0.04,0.26
000190.jpg,-0.04,0.26
000191.jpg,-0.04,0.26
000192.jpg,-0.04,0.26
000193.jpg,-0.04,0.26
000194.jpg,-0.04,0.26
000195.jpg,-0.04,0.26
000196.jpg,-0.04,0.26
000197.jpg,-0.04,0.26
000198.jpg,-0.2168,0.26
000199.jpg,-0.24,0.26
000200.jpg,-0.24,0.26
000201.jpg,-0.24,0.26
000202.jpg,-0.24,0.26
000203.jpg,-0.24,0.26
000204.jpg,-0.24,0.26
000205.jpg,-0.24,0.26
000206.jpg,-0.1516,0.1716
000207.jpg,0.0,0.0
000208.jpg,0.0,0.0
000209.jpg,0.0,0.0
000210.jpg,0.0,0.0
000211.jpg,0.0,0.0
000212.jpg,0.0,0.0
000213.jpg,0.0884,-0.0884
000214.jpg,0.26,-0.24
000215.jpg,0.26,-0.24
000216.jpg,0.26,-0.24
000217.jpg,0.1716,-0.1516
000218.jpg,0.0,0.0
000219.jpg,0.0,0.0
000220.jpg,0.0,0.0
000221.jpg,0.0,0.0
000222.jpg,0.0,0.0
000223.jpg,0.0,0.0
000224.jpg,0.0884,0.0884
000225.jpg,0.0884,0.0884
000226.jpg,0.2,0.2
000227.jpg,0.2,0.2
000228.jpg,0.2,0.2
000229.jpg,0.2,0.2
000230.jpg,0.2,0.2
000231.jpg,0.2,0.2
000232.jpg,0.2,0.2
000233.jpg,0.2,0.2
000234.jpg,0.26,0.1116
000235.jpg,0.26,0.1116
000236.jpg,0.26,-0.04
000237.jpg,0.26,-0.04
000238.jpg,0.26,-0.04
000239.jpg,0.26,-0.04
000240.jpg,0.2,0.0484
000241.jpg,0.2,0.2
000242.jpg,0.2,0.2
000243.jpg,0.2,0.2
000244.jpg,0.26,0.0232
000245.jpg,0.26,-0.04
000246.jpg,0.26,-0.04
000247.jpg,0.26,-0.04
000248.jpg,0.26,-0.04
000249.jpg,0.26,-0.04
000250.jpg,0.26,-0.04
000251.jpg,0.26,-0.04
000252.jpg,0.26,-0.04
000253.jpg,0.26,-0.04
000254.jpg,0.26,-0.04
000255.jpg,0.2,0.0484
000256.jpg,0.2,0.2
000257.jpg,0.2,0.2
000258.jpg,0.0,0.0
000259.jpg,0.0,0.0
000260.jpg,0.0,0.0
000261.jpg,0.1768,0.1768
000262.jpg,0.2,0.2
000263.jpg,0.2,0.2
000264.jpg,0.2,0.2
000265.jpg,0.2,0.2
000266.jpg,0.2,0.2
000267.jpg,0.2,0.2
000268.jpg,0.2,0.2
000269.jpg,0.0232,0.26
000270.jpg,-0.04,0.26
000271.jpg,-0.04,0.26
000272.jpg,-0.04,0.26
000273.jpg,-0.1284,0.26
000274.jpg,-0.24,0.26
000275.jpg,-0.24,0.26
000276.jpg,-0.24,0.26
000277.jpg,-0.24,0.26
000278.jpg,-0.24,0.26
000279.jpg,-0.0632,0.0832
000280.jpg,0.0,0.0
000281.jpg,0.0,0.0
000282.jpg,0.0884,0.0884
000283.jpg,0.2,0.2
000284.jpg,0.26,0.0284
000285.jpg,0.26,-0.04
000286.jpg,0.26,-0.04
000287.jpg,0.26,-0.04
000288.jpg,0.2,0.0484
000289.jpg,0.2,0.2
000290.jpg,0.2,0.2
000291.jpg,0.2,0.2
000292.jpg,0.2,0.2
000293.jpg,0.2,0.2
000294.jpg,0.2,0.2
000295.jpg,0.2,0.2
000296.jpg,0.2,0.2
000297.jpg,0.2,0.2
000298.jpg,0.2,0.2
000299.jpg,0.26,-0.04
000300.jpg,0.26,-0.04
000301.jpg,0.26,-0.04
000302.jpg,0.26,-0.04
000303.jpg,0.26,-0.1284
000304.jpg,0.26,-0.24
000305.jpg,0.26,-0.24
000306.jpg,0.26,-0.24
000307.jpg,0.26,-0.24
000308.jpg,0.2,-0.0632
000309.jpg,0.2,-0.0632
000310.jpg,0.2,0.1136
000311.jpg,0.2,0.2
000312.jpg,0.2,0.2
000313.jpg,0.2,0.2
000314.jpg,0.2,0.2
000315.jpg,0.26,0.1116
000316.jpg,0.26,-0.04
000317.jpg,0.26,-0.04
000318.jpg,0.26,-0.04
000319.jpg,0.26,-0.04
000320.jpg,0.2,0.1368
000321.jpg,0.2,0.1368
000322.jpg,0.2,0.2
000323.jpg,0.2,0.2
000324.jpg,0.2,0.2
000325.jpg,0.2,0.2
000326.jpg,0.2,0.2
000327.jpg,0.2,0.2
000328.jpg,0.2,0.2
000329.jpg,0.2,0.2
000330.jpg,0.2,0.2
000331.jpg,0.26,0.1116
000332.jpg,0.26,-0.04
000333.jpg,0.26,-0.04
000334.jpg,0.26,-0.04
000335.jpg,0.2,0.1368
000336.jpg,0.2,0.1368
000337.jpg,0.2,0.2
000338.jpg,0.2,0.2
000339.jpg,0.26,0.0284
000340.jpg,0.26,-0.04
000341.jpg,0.26,-0.04
000342.jpg,0.26,-0.1284
000343.jpg,0.26,-0.24
000344.jpg,0.26,-0.24
000345.jpg,0.26,-0.24
000346.jpg,0.26,-0.24
000347.jpg,0.26,-0.24
000348.jpg,0.26,-0.24
000349.jpg,0.26,-0.24
000350.jpg,0.1768,-0.1568
000351.jpg,0.1768,-0.1568
000352.jpg,0.0,0.0
000353.jpg,0.0,0.0
000354.jpg,0.0,0.0
000355.jpg,0.1768,-0.1768
000356.jpg,0.26,-0.24
000357.jpg,0.26,-0.24
000358.jpg,0.2,0.0252
000359.jpg,0.2,0.2
000360.jpg,0.2,0.2
000361.jpg,0.2,0.2
000362.jpg,0.2,0.2
000363.jpg,0.2,0.2
000364.jpg,0.2,0.2
000365.jpg,0.2,0.2
000366.jpg,0.2,0.2
000367.jpg,0.2,0.2
000368.jpg,0.2,0.2
000369.jpg,0.2,0.2
000370.jpg,0.2,0.2
000371.jpg,0.26,0.1116
000372.jpg,0.26,-0.04
000373.jpg,0.26,-0.04
000374.jpg,0.26,-0.04
000375.jpg,0.26,-0.04
000376.jpg,0.2,0.1368
000377.jpg,0.2,0.2
000378.jpg,0.2,0.2
000379.jpg,0.2,0.2
000380.jpg,0.2,0.2
000381.jpg,0.2,0.2
000382.jpg,0.26,0.1116
000383.jpg,0.26,-0.04
000384.jpg,0.2,0.0484
000385.jpg,0.2,0.2
000386.jpg,0.2,0.2
000387.jpg,0.2,0.2
000388.jpg,0.2,0.2
000389.jpg,0.2,0.2
000390.jpg,0.2,0.2
000391.jpg,0.2,0.2
000392.jpg,0.2,0.2
000393.jpg,0.2,0.2
000394.jpg,0.2,0.2
000395.jpg,0.2,0.2
000396.jpg,0.0,0.0
000397.jpg,0.0,0.0
000398.jpg,0.0884,0.0884
000399.jpg,0.2,0.2
000400.jpg,0.2,0.2
000401.jpg,0.2,0.2
000402.jpg,0.2,0.2
000403.jpg,0.2,0.2
000404.jpg,0.2,0.2
000405.jpg,0.2,0.2
000406.jpg,0.2,0.2
000407.jpg,0.0232,0.26
000408.jpg,-0.04,0.26
000409.jpg,-0.04,0.26
000410.jpg,0.0484,0.2
000411.jpg,0.2,0.2
000412.jpg,0.2,0.2
000413.jpg,0.2,0.2
000414.jpg,0.2,0.2
000415.jpg,0.2,0.2
000416.jpg,0.2,0.2
000417.jpg,0.2,0.2
000418.jpg,0.2,0.2
000419.jpg,0.2,0.2
000420.jpg,0.2,0.2
000421.jpg,0.2,0.2
000422.jpg,0.26,0.0232
000423.jpg,0.26,-0.04
000424.jpg,0.26,-0.04
000425.jpg,0.26,-0.04
000426.jpg,0.26,-0.04
000427.jpg,0.2,0.1368
000428.jpg,0.2,0.2
000429.jpg,0.2,0.2
000430.jpg,0.1116,0.26
000431.jpg,-0.04,0.26
000432.jpg,-0.04,0.26
000433.jpg,-0.04,0.26
000434.jpg,-0.04,0.26
000435.jpg,-0.04,0.26
000436.jpg,0.1368,0.2
000437.jpg,0.2,0.2
000438.jpg,0.2,0.2
000439.jpg,0.2,0.2
000440.jpg,0.2,0.2
000441.jpg,0.2,0.2
000442.jpg,0.2,0.2
000443.jpg,0.2,0.2
000444.jpg,0.2,0.2
000445.jpg,0.2,0.2
000446.jpg,0.2,0.2
000447.jpg,0.2,0.2
000448.jpg,0.2,0.2
000449.jpg,0.2,0.2
000450.jpg,0.2,0.2
000451.jpg,0.26,0.0232
000452.jpg,0.26,0.0232
000453.jpg,0.26,-0.04
000454.jpg,0.26,-0.04
000455.jpg,0.26,-0.04
000456.jpg,0.26,-0.04
000457.jpg,0.26,-0.04
000458.jpg,0.26,-0.04
000459.jpg,0.26,-0.04
000460.jpg,0.26,-0.04
000461.jpg,0.26,-0.04
000462.jpg,0.26,-0.04
000463.jpg,0.26,-0.04
000464.jpg,0.26,-0.04
000465.jpg,0.26,-0.04
000466.jpg,0.26,-0.04
000467.jpg,0.26,-0.1284
000468.jpg,0.26,-0.24
000469.jpg,0.26,-0.24
000470.jpg,0.26,-0.24
000471.jpg,0.26,-0.24
000472.jpg,0.26,-0.24
000473.jpg,0.26,-0.24
000474.jpg,0.26,-0.24
000475.jpg,0.26,-0.0684
000476.jpg,0.26,-0.04
000477.jpg,0.2,0.0432
000478.jpg,0.2,0.0432
000479.jpg,0.2,0.2
000480.jpg,0.2,0.2
000481.jpg,0.2,0.2
000482.jpg,0.2,0.2
000483.jpg,0.26,-0.04
000484.jpg,0.26,-0.04
000485.jpg,0.26,-0.04
000486.jpg,0.26,-0.04
000487.jpg,0.2,0.0484
000488.jpg,0.2,0.0484
000489.jpg,0.2,0.2
000490.jpg,0.2,0.2
000491.jpg,0.26,-0.04
000492.jpg,0.26,-0.04
000493.jpg,0.26,-0.04
000494.jpg,0.26,-0.1284
000495.jpg,0.26,-0.24
000496.jpg,0.26,-0.24
000497.jpg,0.26,-0.24
000498.jpg,0.26,-0.24
000499.jpg,0.26,-0.24
000500.jpg,0.26,-0.24
000501.jpg,0.26,-0.24
000502.jpg,0.26,-0.24
000503.jpg,0.26,-0.24
000504.jpg,0.0832,-0.0632
000505.jpg,0.0,0.0
000506.jpg,0.0,0.0
000507.jpg,0.0,0.0
000508.jpg,0.1768,0.1768
000509.jpg,0.1768,0.1768
000510.jpg,0.2,0.2
000511.jpg,0.2,0.2
000512.jpg,0.2,0.2
000513.jpg,0.2,0.2
000514.jpg,0.2,0.2
000515.jpg,0.2,0.2
000516.jpg,0.2,0.2
000517.jpg,0.26,0.0284
000518.jpg,0.26,-0.04
000519.jpg,0.26,-0.04
000520.jpg,0.26,-0.04
000521.jpg,0.2,0.1316
000522.jpg,0.2,0.2
000523.jpg,0.2,0.2
000524.jpg,0.2,0.2
000525.jpg,0.2,0.2
000526.jpg,0.1116,0.26
000527.jpg,0.1116,0.26
000528.jpg,-0.04,0.26
000529.jpg,-0.04,0.26
000530.jpg,-0.04,0.26
000531.jpg,-0.04,0.26
000532.jpg,-0.04,0.26
000533.jpg,-0.04,0.26
000534.jpg,-0.04,0.26
000535.jpg,-0.04,0.26
000536.jpg,-0.04,0.26
000537.jpg,-0.04,0.26
000538.jpg,-0.04,0.26
000539.jpg,-0.04,0.26
000540.jpg,-0.04,0.26
000541.jpg,-0.04,0.26
000542.jpg,-0.04,0.26
000543.jpg,-0.04,0.26
000544.jpg,-0.04,0.26
000545.jpg,-0.04,0.26
000546.jpg,-0.04,0.26
000547.jpg,-0.04,0.26
000548.jpg,-0.04,0.26
000549.jpg,0.0484,0.2
000550.jpg,0.2,0.2
000551.jpg,0.26,0.0284
000552.jpg,0.26,-0.04
000553.jpg,0.26,-0.04
000554.jpg,0.2,0.1316
000555.jpg,0.2,0.2
000556.jpg,0.2,0.2
000557.jpg,0.2,0.2
000558.jpg,0.2,0.2
000559.jpg,0.2,0.2
000560.jpg,0.2,0.2
000561.jpg,0.2,0.2
000562.jpg,0.26,0.0284
000563.jpg,0.26,-0.1284
000564.jpg,0.26,-0.24
000565.jpg,0.26,-0.24
000566.jpg,0.26,-0.24
000567.jpg,0.26,-0.24
000568.jpg,0.26,-0.24
000569.jpg,0.26,-0.0684
000570.jpg,0.26,-0.04
000571.jpg,0.2,0.2
000572.jpg,0.2,0.2
000573.jpg,0.2,0.2
000574.jpg,0.2,0.2
000575.jpg,0.26,0.1116
000576.jpg,0.26,-0.04
000577.jpg,0.26,-0.04
000578.jpg,0.26,-0.04
000579.jpg,0.26,-0.04
000580.jpg,0.2,0.0484
000581.jpg,0.2,0.2
000582.jpg,0.2,0.2
000583.jpg,0.2,0.2
000584.jpg,0.2,0.2
000585.jpg,0.2,0.2
000586.jpg,0.2,0.2
000587.jpg,0.2,0.2
000588.jpg,0.2,0.2
000589.jpg,0.26,0.0232
000590.jpg,0.26,-0.04
000591.jpg,0.26,-0.04
000592.jpg,0.26,-0.2168
000593.jpg,0.26,-0.24
000594.jpg,0.26,-0.24
000595.jpg,0.26,-0.24
000596.jpg,0.26,-0.24
000597.jpg,0.26,-0.24
000598.jpg,0.26,-0.24
000599.jpg,0.26,-0.24
000600.jpg,0.26,-0.24
000601.jpg,0.26,-0.24
000602.jpg,0.26,-0.24
000603.jpg,0.26,-0.24
000604.jpg,0.26,-0.0632
000605.jpg,0.26,-0.04
000606.jpg,0.2,0.0536
000607.jpg,0.2,0.2
000608.jpg,0.2,0.2
000609.jpg,0.26,0.1116
000610.jpg,0.26,-0.04
000611.jpg,0.26,-0.2116
000612.jpg,0.26,-0.2116
000613.jpg,0.26,-0.24
000614.jpg,0.26,-0.24
000615.jpg,0.26,-0.24
000616.jpg,0.26,-0.1516
000617.jpg,0.2,0.02
000618.jpg,0.2,0.2
000619.jpg,0.2,0.2
000620.jpg,0.2,0.2
000621.jpg,0.2,0.2
000622.jpg,0.2,0.2
000623.jpg,0.2,0.2
000624.jpg,0.2,0.2
000625.jpg,0.2,0.2
000626.jpg,0.2,0.2
000627.jpg,0.2,0.2
000628.jpg,0.2,0.2
000629.jpg,0.2,0.2
000630.jpg,0.2,0.2
000631.jpg,0.2,0.2
000632.jpg,0.2,0.2
000633.jpg,0.2,0.2
000634.jpg,0.2,0.2
000635.jpg,0.2,0.2
000636.jpg,0.2,0.2
000637.jpg,0.2,0.2
000638.jpg,0.2,0.2
000639.jpg,0.2,0.2
000640.jpg,0.2,0.2
000641.jpg,0.2,0.2
000642.jpg,0.2,0.2
000643.jpg,0.2,0.2
000644.jpg,0.2,0.2
000645.jpg,0.2,0.2
000646.jpg,0.2,0.2
000647.jpg,0.2,0.2
000648.jpg,0.2,0.2
000649.jpg,0.0,0.0
000650.jpg,0.0,0.0
000651.jpg,0.0,0.0
000652.jpg,0.0,0.0
000653.jpg,-0.0832,0.0832
000654.jpg,-0.24,0.26
000655.jpg,-0.24,0.26
000656.jpg,-0.24,0.26
000657.jpg,-0.24,0.26
000658.jpg,-0.24,0.26
000659.jpg,-0.24,0.26
000660.jpg,-0.1516,0.1716
000661.jpg,0.0252,0.2
000662.jpg,0.2,0.2
000663.jpg,0.2,0.2
000664.jpg,0.2,0.2
000665.jpg,0.2,0.2
000666.jpg,0.2,0.2
000667.jpg,0.2,0.2
000668.jpg,0.26,0.0284
000669.jpg,0.26,-0.04
000670.jpg,0.26,-0.04
000671.jpg,0.26,-0.04
000672.jpg,0.26,-0.1284
000673.jpg,0.26,-0.24
000674.jpg,0.26,-0.24
000675.jpg,0.26,-0.24
000676.jpg,0.0832,-0.0632
000677.jpg,0.0,0.0
000678.jpg,0.0,0.0
000679.jpg,0.0,0.0
000680.jpg,0.0,0.0
000681.jpg,0.0884,-0.0884
000682.jpg,0.26,-0.24
000683.jpg,0.26,-0.24
000684.jpg,0.26,-0.24
000685.jpg,0.26,-0.24
000686.jpg,0.2,-0.0632
000687.jpg,0.2,0.1136
000688.jpg,0.2,0.2
000689.jpg,0.2,0.2
000690.jpg,0.2,0.2
000691.jpg,0.2,0.2
000692.jpg,0.2,0.2
000693.jpg,0.2,0.2
000694.jpg,0.2,0.2
000695.jpg,0.2,0.2
000696.jpg,0.1168,0.26
000697.jpg,-0.04,0.26
000698.jpg,-0.04,0.26
000699.jpg,-0.04,0.26
000700.jpg,-0.04,0.26
000701.jpg,-0.04,0.26
000702.jpg,-0.04,0.26
000703.jpg,-0.04,0.26
000704.jpg,0.1316,0.2
000705.jpg,0.2,0.2
000706.jpg,0.2,0.2
000707.jpg,0.2,0.2
000708.jpg,0.2,0.2
000709.jpg,0.2,0.2
000710.jpg,0.2,0.2
000711.jpg,0.2,0.2
000712.jpg,0.2,0.2
000713.jpg,0.26,0.1116
000714.jpg,0.26,-0.04
000715.jpg,0.26,-0.04
000716.jpg,0.26,-0.1284
000717.jpg,0.26,-0.24
000718.jpg,0.26,-0.24
000719.jpg,0.26,-0.24
000720.jpg,0.26,-0.24
000721.jpg,0.26,-0.1516
000722.jpg,0.26,-0.04
000723.jpg,0.2,0.0484
000724.jpg,0.2,0.2
000725.jpg,0.2,0.2
000726.jpg,0.26,0.1116
000727.jpg,0.26,-0.04
000728.jpg,0.26,-0.04
000729.jpg,0.26,-0.04
000730.jpg,0.26,-0.04
000731.jpg,0.26,-0.04
000732.jpg,0.2,0.1368
000733.jpg,0.2,0.2
000734.jpg,0.2,0.2
000735.jpg,0.26,-0.04
000736.jpg,0.26,-0.04
000737.jpg,0.26,-0.1284
000738.jpg,0.26,-0.24
000739.jpg,0.26,-0.24
000740.jpg,0.26,-0.24
000741.jpg,0.26,-0.24
000742.jpg,0.26,-0.24
000743.jpg,0.26,-0.24
000744.jpg,0.26,-0.0632
000745.jpg,0.2,0.1136
000746.jpg,0.2,0.2
000747.jpg,0.2,0.2
000748.jpg,0.2,0.2
000749.jpg,0.2,0.2
000750.jpg,0.2,0.2
000751.jpg,0.2,0.2
000752.jpg,0.1168,0.26
000753.jpg,-0.04,0.26
000754.jpg,0.1368,0.2
000755.jpg,0.2,0.2
000756.jpg,0.2,0.2
000757.jpg,0.2,0.2
000758.jpg,0.2,0.2
000759.jpg,0.2,0.2
000760.jpg,0.2,0.2
000761.jpg,0.0,0.0
000762.jpg,0.0,0.0
000763.jpg,0.0,0.0
000764.jpg,0.0,0.0
000765.jpg,0.0,0.0
000766.jpg,0.0,0.0
000767.jpg,0.0,0.0
000768.jpg,0.0,0.0
000769.jpg,0.0,0.0
000770.jpg,0.0,0.0
000771.jpg,-0.1768,-0.1768
000772.jpg,-0.2,-0.2
000773.jpg,-0.2,-0.2
000774.jpg,-0.2,-0.2
000775.jpg,-0.2,-0.2
000776.jpg,-0.2,-0.2
000777.jpg,-0.2,-0.2
000778.jpg,-0.2,-0.2
000779.jpg,-0.2,-0.2
000780.jpg,-0.2,-0.2
000781.jpg,-0.2,-0.2
000782.jpg,-0.2,-0.2
000783.jpg,-0.2,-0.2
000784.jpg,-0.2,-0.2
000785.jpg,-0.2,-0.2
000786.jpg,-0.2,-0.2
000787.jpg,-0.2,-0.2
000788.jpg,-0.0232,-0.0232
000789.jpg,-0.0232,-0.0232
000790.jpg,0.0,0.0
000791.jpg,0.0,0.0
000792.jpg,0.0,0.0
000793.jpg,0.0,0.0
000794.jpg,-0.0884,0.0884
000795.jpg,-0.24,0.26
000796.jpg,-0.24,0.26
000797.jpg,-0.24,0.26
000798.jpg,-0.24,0.26
000799.jpg,-0.24,0.26
000800.jpg,-0.1516,0.1716
000801.jpg,0.0,0.0
000802.jpg,0.0,0.0
000803.jpg,0.0,0.0
000804.jpg,0.0,0.0
000805.jpg,0.0,0.0
000806.jpg,0.0,0.0
000807.jpg,0.0,0.0
000808.jpg,0.0,0.0
000809.jpg,0.0884,-0.0884
000810.jpg,0.0884,-0.0884
000811.jpg,0.26,-0.24
000812.jpg,0.26,-0.24
000813.jpg,0.26,-0.24
000814.jpg,0.0832,-0.0632
000815.jpg,0.0,0.0
000816.jpg,0.0,0.0
000817.jpg,0.0,0.0
000818.jpg,0.1768,-0.1768
000819.jpg,0.1768,-0.1768
000820.jpg,0.26,-0.24
000821.jpg,0.26,-0.24
000822.jpg,0.0,0.0
000823.jpg,0.0,0.0
000824.jpg,0.0,0.0
000825.jpg,0.0,0.0
000826.jpg,0.0,0.0
000827.jpg,0.0,0.0
000828.jpg,0.0,0.0
000829.jpg,0.0,0.0
000830.jpg,-0.0884,0.0884
000831.jpg,-0.24,0.26
000832.jpg,-0.24,0.26
000833.jpg,-0.1516,0.1716
000834.jpg,0.0,0.0
000835.jpg,0.0,0.0
000836.jpg,0.0,0.0
000837.jpg,0.0,0.0
000838.jpg,0.0,0.0
000839.jpg,0.0,0.0
000840.jpg,0.0,0.0
000841.jpg,0.0,0.0
000842.jpg,0.1768,0.1768
000843.jpg,0.2,0.2
000844.jpg,0.2,0.2
000845.jpg,0.1116,0.26
000846.jpg,-0.04,0.26
000847.jpg,-0.04,0.26
000848.jpg,-0.1284,0.26
000849.jpg,-0.24,0.26
000850.jpg,-0.24,0.26
000851.jpg,-0.24,0.26
000852.jpg,-0.24,0.26
000853.jpg,-0.24,0.26
000854.jpg,-0.0632,0.0832
000855.jpg,0.0884,0.0884
000856.jpg,0.2,0.2
000857.jpg,0.2,0.2
000858.jpg,0.2,0.2
000859.jpg,0.2,0.2
000860.jpg,0.2,0.2
000861.jpg,0.2,0.2
000862.jpg,0.26,0.0232
000863.jpg,0.26,-0.04
000864.jpg,0.2,0.0484
000865.jpg,0.2,0.2
000866.jpg,0.2,0.2
000867.jpg,0.2,0.2
000868.jpg,0.2,0.2
000869.jpg,0.2,0.2
000870.jpg,0.2,0.2
000871.jpg,0.2,0.2
000872.jpg,0.26,-0.04
000873.jpg,0.26,-0.04
000874.jpg,0.26,-0.1284
000875.jpg,0.26,-0.24
000876.jpg,0.26,-0.24
000877.jpg,0.26,-0.24
000878.jpg,0.26,-0.24
000879.jpg,0.26,-0.24
000880.jpg,0.26,-0.24
000881.jpg,0.26,-0.24
000882.jpg,0.26,-0.24
000883.jpg,0.26,-0.0632
000884.jpg,0.2,0.2
000885.jpg,0.2,0.2
000886.jpg,0.2,0.2
000887.jpg,0.2,0.2
000888.jpg,0.2,0.2
000889.jpg,0.26,0.1116
000890.jpg,0.26,-0.04
000891.jpg,0.26,-0.04
000892.jpg,0.26,-0.04
000893.jpg,0.2,0.0432
000894.jpg,0.2,0.2
000895.jpg,0.2,0.2
000896.jpg,0.2,0.2
000897.jpg,0.2,0.2
000898.jpg,0.26,0.0232
000899.jpg,0.26,-0.04
000900.jpg,0.26,-0.04
000901.jpg,0.26,-0.04
000902.jpg,0.26,-0.04
000903.jpg,0.26,-0.04
000904.jpg,0.26,-0.04
000905.jpg,0.26,-0.04
000906.jpg,0.26,-0.04
000907.jpg,0.26,-0.04
000908.jpg,0.26,-0.04
000909.jpg,0.26,-0.04
000910.jpg,0.26,-0.04
000911.jpg,0.26,-0.04
000912.jpg,0.26,-0.04
000913.jpg,0.26,-0.04
000914.jpg,0.2,0.2
000915.jpg,0.2,0.2
000916.jpg,0.2,0.2
000917.jpg,0.2,0.2
000918.jpg,0.2,0.2
000919.jpg,0.0232,0.26
000920.jpg,-0.04,0.26
000921.jpg,-0.04,0.26
000922.jpg,-0.04,0.26
000923.jpg,-0.04,0.26
000924.jpg,-0.04,0.26
000925.jpg,-0.04,0.26
000926.jpg,-0.04,0.26
000927.jpg,-0.04,0.26
000928.jpg,-0.04,0.26
000929.jpg,-0.04,0.26
000930.jpg,-0.04,0.26
000931.jpg,-0.04,0.26
000932.jpg,-0.04,0.26
000933.jpg,-0.04,0.26
000934.jpg,-0.1336,0.26
000935.jpg,-0.24,0.26
000936.jpg,-0.24,0.26
000937.jpg,-0.24,0.26
000938.jpg,-0.24,0.26
000939.jpg,-0.24,0.26
000940.jpg,-0.24,0.26
000941.jpg,-0.24,0.26
000942.jpg,-0.24,0.26
000943.jpg,-0.24,0.26
000944.jpg,-0.24,0.26
000945.jpg,-0.24,0.26
000946.jpg,-0.0632,0.26
000947.jpg,0.1136,0.2
000948.jpg,0.2,0.2
000949.jpg,0.2,0.2
000950.jpg,0.2,0.2
000951.jpg,0.2,0.2
000952.jpg,0.2,0.2
000953.jpg,0.2,0.2
000954.jpg,0.2,0.2
000955.jpg,0.2,0.2
000956.jpg,0.2,0.2
000957.jpg,0.2,0.2
000958.jpg,0.2,0.2
000959.jpg,0.2,0.2
000960.jpg,0.2,0.2
000961.jpg,0.2,0.2
000962.jpg,0.2,0.2
000963.jpg,0.2,0.2
000964.jpg,0.2,0.2
000965.jpg,0.2,0.2
000966.jpg,0.2,0.2
000967.jpg,0.2,0.2
000968.jpg,0.2,0.2
000969.jpg,0.2,0.2
000970.jpg,0.2,0.2
000971.jpg,0.2,0.2
000972.jpg,0.2,0.2
000973.jpg,0.2,0.2
000974.jpg,0.2,0.2
000975.jpg,0.2,0.2
000976.jpg,0.2,0.2
000977.jpg,0.2,0.2
000978.jpg,0.2,0.2
000979.jpg,0.2,0.2
000980.jpg,0.26,-0.04
000981.jpg,0.26,-0.04
000982.jpg,0.26,-0.1284
000983.jpg,0.26,-0.24
000984.jpg,0.26,-0.24
000985.jpg,0.26,-0.24
000986.jpg,0.26,-0.1516
000987.jpg,0.2,0.0252
000988.jpg,0.2,0.2
000989.jpg,0.2,0.2
000990.jpg,0.2,0.2
000991.jpg,0.2,0.2
000992.jpg,0.2,0.2
000993.jpg,0.2,0.2
000994.jpg,0.2,0.2
000995.jpg,0.2,0.2
000996.jpg,0.2,0.2
000997.jpg,0.2,0.2
000998.jpg,0.2,0.2
000999.jpg,0.2,0.2
001000.jpg,0.2,0.2
001001.jpg,0.2,0.2
001002.jpg,0.2,0.2
001003.jpg,0.2,0.2
001004.jpg,0.2,0.2
001005.jpg,0.2,0.2
001006.jpg,0.2,0.2
001007.jpg,0.2,0.2
001008.jpg,0.2,0.2
001009.jpg,0.2,0.2
001010.jpg,0.2,0.2
001011.jpg,0.2,0.2
001012.jpg,0.2,0.2
001013.jpg,0.2,0.2
001014.jpg,0.26,0.0232
001015.jpg,0.26,-0.04
001016.jpg,0.26,-0.2168
001017.jpg,0.26,-0.24
001018.jpg,0.26,-0.24
001019.jpg,0.26,-0.24
001020.jpg,0.26,-0.24
001021.jpg,0.26,-0.24
001022.jpg,0.26,-0.24
001023.jpg,0.26,-0.24
001024.jpg,0.26,-0.24
001025.jpg,0.26,-0.24
001026.jpg,0.26,-0.24
001027.jpg,0.26,-0.24
001028.jpg,0.26,-0.24
001029.jpg,0.26,-0.24
001030.jpg,0.26,-0.24
001031.jpg,0.26,-0.24
001032.jpg,0.26,-0.24
001033.jpg,0.1716,-0.1516
001034.jpg,0.1716,-0.1516
001035.jpg,0.2,0.1136
001036.jpg,0.2,0.2
001037.jpg,0.2,0.2
001038.jpg,0.2,0.2
001039.jpg,0.2,0.2
001040.jpg,0.2,0.2
001041.jpg,0.2,0.2
001042.jpg,0.2,0.2
001043.jpg,0.2,0.2
001044.jpg,0.2,0.2
001045.jpg,0.2,0.2
001046.jpg,0.26,0.1116
001047.jpg,0.26,-0.04
001048.jpg,0.26,-0.04
001049.jpg,0.26,-0.04
001050.jpg,0.26,-0.04
001051.jpg,0.26,-0.24
001052.jpg,0.26,-0.24
001053.jpg,0.26,-0.24
001054.jpg,0.26,-0.24
001055.jpg,0.26,-0.24
001056.jpg,0.26,-0.24
001057.jpg,0.26,-0.1516
001058.jpg,0.2,0.0252
001059.jpg,0.2,0.2
001060.jpg,0.2,0.2
001061.jpg,0.2,0.2
001062.jpg,0.2,0.2
001063.jpg,0.2,0.2
001064.jpg,0.2,0.2
001065.jpg,0.2,0.2
001066.jpg,0.0232,0.26
001067.jpg,-0.04,0.26
001068.jpg,-0.04,0.26
001069.jpg,-0.04,0.26
001070.jpg,-0.04,0.26
001071.jpg,-0.04,0.26
001072.jpg,-0.04,0.26
001073.jpg,-0.04,0.26
001074.jpg,-0.04,0.26
001075.jpg,-0.04,0.26
001076.jpg,-0.04,0.26
001077.jpg,-0.2168,0.26
001078.jpg,-0.24,0.26
001079.jpg,-0.24,0.26
001080.jpg,-0.24,0.26
001081.jpg,-0.24,0.26
001082.jpg,-0.24,0.26
001083.jpg,-0.24,0.26
001084.jpg,-0.24,0.26
001085.jpg,-0.24,0.26
001086.jpg,-0.24,0.26
001087.jpg,-0.24,0.26
001088.jpg,-0.24,0.26
001089.jpg,-0.24,0.26
001090.jpg,-0.24,0.26
001091.jpg,-0.24,0.26
001092.jpg,-0.24,0.26
001093.jpg,-0.24,0.26
001094.jpg,-0.24,0.26
001095.jpg,-0.24,0.26
001096.jpg,-0.24,0.26
001097.jpg,-0.24,0.26
001098.jpg,-0.24,0.26
001099.jpg,-0.0632,0.0832
001100.jpg,0.0,0.0
001101.jpg,0.0884,0.0884
001102.jpg,0.0884,0.0884
001103.jpg,0.2,0.2
001104.jpg,0.2,0.2
001105.jpg,0.2,0.2
001106.jpg,0.2,0.2
001107.jpg,0.2,0.2
001108.jpg,0.2,0.2
001109.jpg,0.2,0.2
001110.jpg,0.2,0.2
001111.jpg,0.2,0.2
001112.jpg,0.2,0.2
001113.jpg,0.2,0.2
001114.jpg,0.0284,0.26
001115.jpg,0.0284,0.26
001116.jpg,-0.04,0.26
001117.jpg,-0.04,0.26
001118.jpg,-0.04,0.26
001119.jpg,-0.1284,0.26
001120.jpg,-0.1284,0.26
001121.jpg,-0.24,0.26
001122.jpg,-0.24,0.26
001123.jpg,-0.24,0.26
001124.jpg,-0.24,0.26
001125.jpg,-0.24,0.26
001126.jpg,-0.24,0.26
001127.jpg,-0.24,0.26
001128.jpg,-0.24,0.26
001129.jpg,-0.24,0.26
001130.jpg,-0.24,0.26
001131.jpg,-0.24,0.26
001132.jpg,-0.1516,0.1716
001133.jpg,-0.1516,0.1716
001134.jpg,0.0,0.0
001135.jpg,0.0,0.0
001136.jpg,0.0,0.0
001137.jpg,0.0884,0.0884
001138.jpg,0.2,0.2
001139.jpg,0.2,0.2
001140.jpg,0.2,0.2
001141.jpg,0.2,0.2
001142.jpg,-0.04,0.26
001143.jpg,-0.04,0.26
001144.jpg,-0.04,0.26
001145.jpg,0.1368,0.2
001146.jpg,0.2,0.2
001147.jpg,0.2,0.2
001148.jpg,0.1116,0.26
001149.jpg,-0.04,0.26
001150.jpg,-0.04,0.26
001151.jpg,-0.04,0.26
001152.jpg,-0.04,0.26
001153.jpg,0.1368,0.2
001154.jpg,0.2,0.2
001155.jpg,0.2,0.2
001156.jpg,0.2,0.2
001157.jpg,0.2,0.2
001158.jpg,0.2,0.2
001159.jpg,0.2,0.2
001160.jpg,0.2,0.2
001161.jpg,0.2,0.2
001162.jpg,0.26,0.0232
001163.jpg,0.26,-0.04
001164.jpg,0.26,-0.04
001165.jpg,0.26,-0.04
001166.jpg,0.26,-0.04
001167.jpg,0.26,-0.04
001168.jpg,0.2,0.1368
001169.jpg,0.2,0.2
001170.jpg,0.2,0.2
001171.jpg,0.26,0.0232
001172.jpg,0.26,-0.04
001173.jpg,0.26,-0.04
001174.jpg,0.26,-0.04
001175.jpg,0.26,-0.04
001176.jpg,0.26,-0.04
001177.jpg,0.26,-0.04
001178.jpg,0.26,-0.1284
001179.jpg,0.26,-0.24
001180.jpg,0.26,-0.24
001181.jpg,0.26,-0.24
001182.jpg,0.26,-0.24
001183.jpg,0.26,-0.24
001184.jpg,0.26,-0.0684
001185.jpg,0.2,0.1084
001186.jpg,0.2,0.1084
001187.jpg,0.2,0.2
001188.jpg,0.26,0.0232
001189.jpg,0.26,0.0232
001190.jpg,0.26,-0.04
001191.jpg,0.26,-0.04
001192.jpg,0.26,-0.04
001193.jpg,0.26,-0.1284
001194.jpg,0.26,-0.24
001195.jpg,0.26,-0.24
001196.jpg,0.26,-0.24
001197.jpg,0.2,-0.0632
001198.jpg,0.2,0.1136
001199.jpg,0.2,0.2
001200.jpg,0.2,0.2
001201.jpg,0.2,0.2
001202.jpg,0.2,0.2
001203.jpg,0.2,0.2
001204.jpg,0.2,0.2
001205.jpg,0.2,0.2
001206.jpg,0.2,0.2
001207.jpg,0.2,0.2
001208.jpg,0.2,0.2
001209.jpg,0.2,0.2
001210.jpg,0.26,0.0232
001211.jpg,0.26,-0.04
001212.jpg,0.26,-0.2168
001213.jpg,0.26,-0.24
001214.jpg,0.26,-0.24
001215.jpg,0.26,-0.24
001216.jpg,0.26,-0.24
001217.jpg,0.26,-0.0684
001218.jpg,0.26,-0.0684
001219.jpg,0.2,0.1084
001220.jpg,0.2,0.2
001221.jpg,0.2,0.2
001222.jpg,0.2,0.2
001223.jpg,0.2,0.2
001224.jpg,0.2,0.2
001225.jpg,0.2,0.2
001226.jpg,0.2,0.2
001227.jpg,0.2,0.2
001228.jpg,0.2,0.2
001229.jpg,0.0,0.0
001230.jpg,0.0,0.0
001231.jpg,0.0,0.0
001232.jpg,0.0,0.0
001233.jpg,0.0,0.0
001234.jpg,0.0,0.0
001235.jpg,0.0884,0.0884
001236.jpg,0.2,0.2
001237.jpg,0.2,0.2
001238.jpg,0.2,0.2
001239.jpg,0.2,0.2
001240.jpg,0.2,0.2
001241.jpg,0.2,0.2
001242.jpg,0.2,0.2
001243.jpg,0.0284,0.26
001244.jpg,-0.04,0.26
001245.jpg,-0.04,0.26
001246.jpg,-0.1284,0.26
001247.jpg,-0.24,0.26
001248.jpg,-0.24,0.26
001249.jpg,-0.24,0.26
001250.jpg,-0.24,0.26
001251.jpg,-0.24,0.26
001252.jpg,-0.24,0.26
001253.jpg,-0.24,0.26
001254.jpg,-0.24,0.26
001255.jpg,-0.24,0.26
001256.jpg,-0.24,0.26
001257.jpg,-0.24,0.26
001258.jpg,-0.24,0.26
001259.jpg,-0.24,0.26
001260.jpg,-0.0684,0.0884
001261.jpg,0.0,0.0
001262.jpg,0.0,0.0
001263.jpg,0.0,0.0
001264.jpg,-0.0884,0.0884
001265.jpg,-0.24,0.26
001266.jpg,-0.24,0.26
001267.jpg,-0.24,0.26
001268.jpg,-0.24,0.26
001269.jpg,-0.24,0.26
001270.jpg,-0.24,0.26
001271.jpg,-0.24,0.26
001272.jpg,-0.0632,0.0832
001273.jpg,0.0,0.0
001274.jpg,0.1768,0.1768
001275.jpg,0.2,0.2
001276.jpg,0.2,0.2
001277.jpg,0.2,0.2
001278.jpg,0.2,0.2
001279.jpg,0.2,0.2
001280.jpg,0.2,0.2
001281.jpg,0.2,0.2
001282.jpg,0.26,0.0232
001283.jpg,0.26,-0.04
001284.jpg,0.26,-0.04
001285.jpg,0.26,-0.04
001286.jpg,0.26,-0.04
001287.jpg,0.26,-0.04
001288.jpg,0.26,-0.04
001289.jpg,0.26,-0.04
001290.jpg,0.26,-0.04
001291.jpg,0.26,-0.04
001292.jpg,0.2,0.1368
001293.jpg,0.2,0.2
001294.jpg,0.2,0.2
001295.jpg,0.2,0.2
001296.jpg,0.2,0.2
001297.jpg,0.26,0.0284
001298.jpg,0.26,-0.04
001299.jpg,0.26,-0.04
001300.jpg,0.26,-0.04
001301.jpg,0.26,-0.04
001302.jpg,0.26,-0.04
001303.jpg,0.2,0.1368
001304.jpg,0.2,0.2
001305.jpg,0.1116,0.26
001306.jpg,-0.04,0.26
001307.jpg,-0.04,0.26
001308.jpg,-0.04,0.26
001309.jpg,-0.04,0.26
001310.jpg,-0.04,0.26
001311.jpg,-0.04,0.26
001312.jpg,-0.04,0.26
001313.jpg,-0.04,0.26
001314.jpg,-0.04,0.26
001315.jpg,-0.04,0.26
001316.jpg,-0.04,0.26
001317.jpg,-0.04,0.26
001318.jpg,-0.04,0.26
001319.jpg,-0.04,0.26
001320.jpg,-0.04,0.26
001321.jpg,-0.04,0.26
001322.jpg,-0.04,0.26
001323.jpg,-0.04,0.26
001324.jpg,-0.04,0.26
001325.jpg,-0.04,0.26
001326.jpg,-0.04,0.26
001327.jpg,-0.04,0.26
001328.jpg,-0.04,0.26
001329.jpg,-0.04,0.26
001330.jpg,-0.04,0.26
001331.jpg,-0.04,0.26
001332.jpg,-0.1284,0.26
001333.jpg,-0.24,0.26
001334.jpg,-0.24,0.26
001335.jpg,-0.24,0.26
001336.jpg,-0.24,0.26
001337.jpg,-0.24,0.26
001338.jpg,-0.24,0.26
001339.jpg,-0.1516,0.26
001340.jpg,-0.1516,0.26
001341.jpg,-0.04,0.26
001342.jpg,0.1368,0.2
001343.jpg,0.2,0.2
001344.jpg,0.2,0.2
001345.jpg,0.2,0.2
001346.jpg,0.2,0.2
001347.jpg,0.2,0.2
001348.jpg,-0.04,0.26
001349.jpg,-0.04,0.26
001350.jpg,-0.04,0.26
001351.jpg,-0.04,0.26
001352.jpg,-0.04,0.26
001353.jpg,0.1316,0.2
001354.jpg,0.2,0.2
001355.jpg,0.2,0.2
001356.jpg,0.2,0.2
001357.jpg,0.2,0.2
001358.jpg,0.2,0.2
001359.jpg,0.2,0.2
001360.jpg,0.2,0.2
001361.jpg,0.2,0.2
001362.jpg,0.2,0.2
001363.jpg,0.2,0.2
001364.jpg,0.2,0.2
001365.jpg,0.2,0.2
001366.jpg,0.2,0.2
001367.jpg,0.2,0.2
001368.jpg,0.2,0.2
001369.jpg,0.2,0.2
001370.jpg,0.0,0.0
001371.jpg,0.0,0.0
001372.jpg,0.0,0.0
001373.jpg,0.0,0.0
001374.jpg,0.0,0.0
001375.jpg,0.0,0.0
001376.jpg,0.1768,-0.1768
001377.jpg,0.26,-0.24
001378.jpg,0.26,-0.24
001379.jpg,0.26,-0.24
001380.jpg,0.26,-0.24
001381.jpg,0.26,-0.24
001382.jpg,0.26,-0.24
001383.jpg,0.0832,-0.0632
001384.jpg,0.0,0.0
001385.jpg,0.0,0.0
001386.jpg,0.0,0.0
001387.jpg,0.0,0.0
001388.jpg,0.26,-0.24
001389.jpg,0.26,-0.24
001390.jpg,0.26,-0.24
001391.jpg,0.26,-0.24
001392.jpg,0.0,0.0
001393.jpg,0.0,0.0
001394.jpg,-0.0884,0.0884
001395.jpg,-0.24,0.26
001396.jpg,-0.24,0.26
001397.jpg,-0.24,0.26
001398.jpg,-0.24,0.26
001399.jpg,-0.24,0.26
001400.jpg,-0.0632,0.2
001401.jpg,0.1084,0.2
001402.jpg,0.1084,0.2
001403.jpg,0.2,0.2
001404.jpg,0.2,0.2
001405.jpg,0.1116,0.1116
001406.jpg,0.0,0.0
001407.jpg,0.1768,-0.1768
001408.jpg,0.26,-0.24
001409.jpg,0.26,-0.24
001410.jpg,0.26,-0.24
001411.jpg,0.26,-0.24
001412.jpg,0.1716,-0.1516
001413.jpg,0.0,0.0
001414.jpg,0.0,0.0
001415.jpg,0.1716,-0.1716
001416.jpg,0.26,-0.24
001417.jpg,0.26,-0.24
001418.jpg,0.26,-0.24
001419.jpg,0.2,-0.1516
001420.jpg,0.2,-0.1516
001421.jpg,0.2,0.1136
001422.jpg,0.2,0.2
001423.jpg,0.1116,0.26
001424.jpg,-0.04,0.26
001425.jpg,-0.1284,0.26
001426.jpg,-0.24,0.26
001427.jpg,-0.24,0.26
001428.jpg,-0.24,0.26
001429.jpg,-0.24,0.26
001430.jpg,-0.24,0.26
001431.jpg,-0.24,0.26
001432.jpg,-0.24,0.26
001433.jpg,-0.0632,0.26
001434.jpg,-0.04,0.26
001435.jpg,-0.04,0.26
001436.jpg,-0.1284,0.26
001437.jpg,-0.1284,0.26
001438.jpg,-0.24,0.26
001439.jpg,-0.24,0.26
001440.jpg,-0.24,0.26
001441.jpg,-0.1516,0.26
001442.jpg,0.0252,0.2
001443.jpg,0.2,0.2
001444.jpg,0.2,0.2
001445.jpg,0.2,0.2
001446.jpg,0.2,0.2
001447.jpg,0.2,0.2
001448.jpg,0.2,0.2
001449.jpg,0.2,0.2
001450.jpg,0.2,0.2
001451.jpg,0.2,0.2
001452.jpg,0.2,0.2
001453.jpg,0.2,0.2
001454.jpg,0.2,0.2
001455.jpg,0.2,0.2
001456.jpg,0.0284,0.26
001457.jpg,-0.04,0.26
001458.jpg,-0.04,0.26
001459.jpg,0.0484,0.2
001460.jpg,0.2,0.2
001461.jpg,0.2,0.2
001462.jpg,0.2,0.2
001463.jpg,0.2,0.2
001464.jpg,-0.04,0.26
001465.jpg,-0.04,0.26
001466.jpg,-0.04,0.26
001467.jpg,-0.04,0.26
001468.jpg,-0.04,0.26
001469.jpg,-0.04,0.26
001470.jpg,-0.04,0.26
001471.jpg,-0.04,0.26
001472.jpg,-0.04,0.26
001473.jpg,-0.04,0.26
001474.jpg,-0.04,0.26
001475.jpg,-0.04,0.26
001476.jpg,-0.04,0.26
001477.jpg,-0.04,0.26
001478.jpg,0.0484,0.2
001479.jpg,0.2252,0.1116
001480.jpg,0.2252,0.1116
001481.jpg,0.26,-0.04
001482.jpg,0.26,-0.1284
001483.jpg,0.26,-0.24
001484.jpg,0.26,-0.24
001485.jpg,0.26,-0.24
001486.jpg,0.26,-0.24
001487.jpg,0.26,-0.24
001488.jpg,0.26,-0.24
001489.jpg,0.26,-0.24
001490.jpg,0.26,-0.24
001491.jpg,0.26,-0.24
001492.jpg,0.26,-0.24
001493.jpg,0.26,-0.24
001494.jpg,0.26,-0.24
001495.jpg,0.26,-0.24
001496.jpg,0.26,-0.1464
001497.jpg,0.26,-0.1464
001498.jpg,0.26,-0.04
001499.jpg,0.26,-0.04
001500.jpg,0.26,-0.04
001501.jpg,0.2,0.0484
001502.jpg,0.2,0.2
001503.jpg,0.2,0.2
001504.jpg,0.2,0.2
001505.jpg,0.2,0.2
001506.jpg,0.2,0.2
001507.jpg,0.2,0.2
001508.jpg,0.2,0.2
001509.jpg,0.2,0.2
001510.jpg,0.26,0.1116
001511.jpg,0.26,-0.04
001512.jpg,0.26,-0.04
001513.jpg,0.26,-0.04
001514.jpg,0.26,-0.04
001515.jpg,0.26,-0.04
001516.jpg,0.26,-0.04
001517.jpg,0.26,-0.04
001518.jpg,0.2,0.0484
001519.jpg,0.2,0.0484
001520.jpg,0.2,0.2
001521.jpg,0.2,0.2
001522.jpg,0.2,0.2
001523.jpg,0.2,0.2
001524.jpg,0.2,0.2
001525.jpg,0.2,0.2
001526.jpg,0.2,0.2
001527.jpg,0.26,-0.04
001528.jpg,0.26,-0.04
001529.jpg,0.26,-0.04
001530.jpg,0.26,-0.04
001531.jpg,0.26,-0.04
001532.jpg,0.2,0.1368
001533.jpg,0.2,0.2
001534.jpg,0.2,0.2
001535.jpg,0.2,0.2
001536.jpg,0.2,0.2
001537.jpg,0.2,0.2
001538.jpg,0.2,0.2
001539.jpg,0.2,0.2
001540.jpg,0.2,0.2
001541.jpg,0.2,0.2
001542.jpg,0.2,0.2
001543.jpg,0.2,0.2
001544.jpg,0.2,0.2
001545.jpg,0.2,0.2
001546.jpg,0.2,0.2
001547.jpg,0.2,0.2
001548.jpg,0.2,0.2
001549.jpg,0.2,0.2
001550.jpg,0.2,0.2
001551.jpg,0.2,0.2
001552.jpg,0.2,0.2
001553.jpg,0.2,0.2
001554.jpg,0.2,0.2
001555.jpg,0.2,0.2
001556.jpg,0.2,0.2
001557.jpg,0.2,0.2
001558.jpg,0.2,0.2
001559.jpg,0.2,0.2
001560.jpg,0.2,0.2
001561.jpg,0.2,0.2
001562.jpg,0.2,0.2
001563.jpg,0.2,0.2
001564.jpg,0.2,0.2
001565.jpg,0.2,0.2
001566.jpg,0.2,0.2
001567.jpg,0.2,0.2
001568.jpg,0.2,0.2
001569.jpg,0.2,0.2
001570.jpg,0.2,0.2
001571.jpg,0.2,0.2
001572.jpg,0.2,0.2
001573.jpg,0.2,0.2
001574.jpg,0.2,0.2
001575.jpg,0.2,0.2
001576.jpg,0.26,0.1116
001577.jpg,0.26,-0.04
001578.jpg,0.26,-0.04
001579.jpg,0.26,-0.04
001580.jpg,0.26,-0.04
001581.jpg,0.2,0.1368
001582.jpg,0.2,0.1368
001583.jpg,0.2,0.2
001584.jpg,0.2,0.2
001585.jpg,0.2,0.2
001586.jpg,0.2,0.2
001587.jpg,0.2,0.2
001588.jpg,0.2,0.2
001589.jpg,0.2,0.2
001590.jpg,0.2,0.2
001591.jpg,0.2,0.2
001592.jpg,0.2,0.2
001593.jpg,0.26,0.1116
001594.jpg,0.26,-0.04
001595.jpg,0.26,-0.04
001596.jpg,0.2,0.1264
001597.jpg,0.2,0.2
001598.jpg,0.2,0.2
001599.jpg,0.2,0.2
001600.jpg,0.2,0.2
001601.jpg,0.2,0.2
001602.jpg,0.2,0.2
001603.jpg,0.2,0.2
001604.jpg,0.2,0.2
001605.jpg,0.2,0.2
001606.jpg,0.2,0.2
001607.jpg,0.2,0.2
001608.jpg,0.2,0.2
001609.jpg,0.2,0.2
001610.jpg,0.2,0.2
001611.jpg,0.2,0.2
001612.jpg,0.2,0.2
001613.jpg,0.2,0.2
001614.jpg,0.2,0.2
001615.jpg,0.2,0.2
001616.jpg,0.2,0.2
001617.jpg,0.2,0.2
001618.jpg,0.2,0.2
001619.jpg,0.26,0.0232
001620.jpg,0.26,-0.04
001621.jpg,0.26,-0.04
001622.jpg,0.26,-0.04
001623.jpg,0.26,-0.04
001624.jpg,0.2,0.1368
001625.jpg,0.2,0.2
001626.jpg,0.2,0.2
001627.jpg,0.26,0.1116
001628.jpg,0.26,-0.04
001629.jpg,0.26,-0.04
001630.jpg,0.26,-0.04
001631.jpg,0.26,-0.04
001632.jpg,0.26,-0.04
001633.jpg,0.26,-0.04
001634.jpg,0.26,-0.04
001635.jpg,0.26,-0.04
001636.jpg,0.26,-0.04
001637.jpg,0.26,-0.04
001638.jpg,0.26,-0.04
001639.jpg,0.26,-0.04
001640.jpg,0.26,-0.04
001641.jpg,0.26,-0.04
001642.jpg,0.26,-0.04
001643.jpg,0.26,-0.04
001644.jpg,0.26,-0.2168
001645.jpg,0.26,-0.24
001646.jpg,0.26,-0.24
001647.jpg,0.26,-0.24
001648.jpg,0.26,-0.24
001649.jpg,0.26,-0.24
001650.jpg,0.26,-0.24
001651.jpg,0.26,-0.24
001652.jpg,0.26,-0.24
001653.jpg,0.26,-0.24
001654.jpg,0.26,-0.24
001655.jpg,0.26,-0.24
001656.jpg,0.26,-0.0632
001657.jpg,0.26,-0.0632
001658.jpg,0.26,-0.04
001659.jpg,0.26,-0.04
001660.jpg,0.26,-0.04
001661.jpg,0.26,-0.04
001662.jpg,0.26,-0.2168
001663.jpg,0.26,-0.24
001664.jpg,0.26,-0.24
001665.jpg,0.26,-0.24
001666.jpg,0.26,-0.24
001667.jpg,0.26,-0.0632
001668.jpg,0.26,-0.0632
001669.jpg,0.2,0.0484
001670.jpg,0.2,0.2
001671.jpg,0.2,0.2
001672.jpg,0.2,0.2
001673.jpg,0.26,0.0232
001674.jpg,0.26,-0.04
001675.jpg,0.26,-0.04
001676.jpg,0.2,0.0484
001677.jpg,0.2,0.2
001678.jpg,0.2,0.2
001679.jpg,0.2,0.2
001680.jpg,0.2,0.2
001681.jpg,0.2,0.2
001682.jpg,0.2,0.2
001683.jpg,0.0336,0.26
001684.jpg,-0.04,0.26
001685.jpg,-0.04,0.26
001686.jpg,-0.04,0.26
001687.jpg,-0.04,0.26
001688.jpg,0.1368,0.2
001689.jpg,0.1368,0.2
001690.jpg,0.2,0.2
001691.jpg,0.2,0.2
001692.jpg,0.2,0.2
001693.jpg,0.2,0.2
001694.jpg,0.2,0.2
001695.jpg,0.2,0.2
001696.jpg,0.2,0.2
001697.jpg,0.2,0.2
001698.jpg,0.2,0.2
001699.jpg,0.2,0.2
001700.jpg,0.2,0.2
001701.jpg,0.2,0.2
001702.jpg,0.2,0.2
001703.jpg,0.2,0.2
001704.jpg,0.2,0.2
001705.jpg,0.2,0.2
001706.jpg,0.0232,0.26
001707.jpg,-0.04,0.26
001708.jpg,-0.04,0.26
001709.jpg,-0.04,0.26
001710.jpg,-0.04,0.26
001711.jpg,-0.04,0.26
001712.jpg,-0.04,0.26
001713.jpg,-0.04,0.26
001714.jpg,-0.04,0.26
001715.jpg,-0.2116,0.26
001716.jpg,-0.24,0.26
001717.jpg,-0.24,0.26
001718.jpg,-0.24,0.26
001719.jpg,-0.24,0.26
001720.jpg,-0.24,0.26
001721.jpg,-0.04,0.26
001722.jpg,-0.04,0.26
001723.jpg,0.0484,0.2
001724.jpg,0.2,0.2
001725.jpg,0.2,0.2
001726.jpg,0.2,0.2
001727.jpg,0.0232,0.26
001728.jpg,-0.04,0.26
001729.jpg,-0.04,0.26
001730.jpg,-0.1284,0.26
001731.jpg,-0.1284,0.26
001732.jpg,-0.04,0.26
001733.jpg,-0.04,0.26
001734.jpg,0.0484,0.2
001735.jpg,0.2,0.2
001736.jpg,0.2,0.2
001737.jpg,0.2,0.2
001738.jpg,0.26,0.1116
001739.jpg,0.26,-0.04
001740.jpg,0.26,-0.04
001741.jpg,0.26,-0.04
001742.jpg,0.26,-0.04
001743.jpg,0.26,-0.04
001744.jpg,0.26,-0.04
001745.jpg,0.26,-0.04
001746.jpg,0.26,-0.04
001747.jpg,0.26,-0.04
001748.jpg,0.26,-0.04
001749.jpg,0.2,0.0432
001750.jpg,0.2,0.2
001751.jpg,0.2,0.2
001752.jpg,0.2,0.2
001753.jpg,0.26,0.1116
001754.jpg,0.26,0.1116
001755.jpg,0.26,-0.04
001756.jpg,0.26,-0.04
001757.jpg,0.26,-0.04
001758.jpg,0.26,-0.04
001759.jpg,0.26,-0.04
001760.jpg,0.26,-0.04
001761.jpg,0.26,-0.04
001762.jpg,0.26,-0.04
001763.jpg,0.26,-0.04
001764.jpg,0.26,-0.04
001765.jpg,0.26,-0.04
001766.jpg,0.26,-0.04
001767.jpg,0.26,-0.04
001768.jpg,0.26,-0.04
001769.jpg,0.26,-0.04
001770.jpg,0.26,-0.04
001771.jpg,0.26,-0.04
001772.jpg,0.26,-0.04
001773.jpg,0.26,-0.04
001774.jpg,0.26,-0.04
001775.jpg,0.26,-0.04
001776.jpg,0.2,0.1316
001777.jpg,0.2,0.2
001778.jpg,0.2,0.2
001779.jpg,0.1116,0.26
001780.jpg,-0.04,0.26
001781.jpg,-0.04,0.26
001782.jpg,0.0484,0.2
001783.jpg,0.0484,0.2
001784.jpg,0.2,0.2
001785.jpg,0.2,0.2
001786.jpg,0.2,0.2
001787.jpg,0.2,0.2
001788.jpg,0.2,0.2
001789.jpg,0.2,0.2
001790.jpg,0.2,0.2
001791.jpg,0.2,0.2
001792.jpg,0.2,0.2
001793.jpg,0.2,0.2
001794.jpg,0.26,0.0232
001795.jpg,0.26,-0.04
001796.jpg,0.26,-0.04
001797.jpg,0.26,-0.04
001798.jpg,0.2,0.1316
001799.jpg,0.2,0.2
001800.jpg,0.2,0.2
001801.jpg,0.2,0.2
001802.jpg,0.26,0.1116
001803.jpg,0.26,-0.04
001804.jpg,0.26,-0.04
001805.jpg,0.26,-0.04
001806.jpg,0.26,-0.04
001807.jpg,0.26,-0.1284
001808.jpg,0.26,-0.24
001809.jpg,0.26,-0.24
001810.jpg,0.26,-0.24
001811.jpg,0.26,-0.24
001812.jpg,0.26,-0.24
001813.jpg,0.26,-0.24
001814.jpg,0.26,-0.24
001815.jpg,0.26,-0.24
001816.jpg,0.26,-0.24
001817.jpg,0.26,-0.1516
001818.jpg,0.26,-0.04
001819.jpg,0.2,0.1368
001820.jpg,0.2,0.2
001821.jpg,0.2,0.2
001822.jpg,0.26,0.1116
001823.jpg,0.26,-0.04
001824.jpg,0.26,-0.1284
001825.jpg,0.26,-0.1284
001826.jpg,0.26,-0.24
001827.jpg,0.26,-0.24
001828.jpg,0.26,-0.24
001829.jpg,0.26,-0.1516
001830.jpg,0.26,-0.04
001831.jpg,0.2,0.1316
001832.jpg,0.2,0.2
001833.jpg,0.26,0.1116
001834.jpg,0.26,-0.04
001835.jpg,0.26,-0.04
001836.jpg,0.2,0.0484
001837.jpg,0.2,0.2
001838.jpg,0.2,0.2
001839.jpg,0.2,0.2
001840.jpg,0.2,0.2
001841.jpg,0.2,0.2
001842.jpg,0.0,0.0
001843.jpg,0.0,0.0
001844.jpg,0.0,0.0
001845.jpg,0.0,0.0
001846.jpg,0.0,0.0
001847.jpg,0.0884,0.0884
001848.jpg,0.2,0.2
001849.jpg,0.2,0.2
001850.jpg,0.2,0.2
001851.jpg,0.2,0.2
001852.jpg,0.2,0.2
001853.jpg,0.2,0.2
001854.jpg,0.2,0.2
001855.jpg,0.2,0.2
001856.jpg,0.2,0.2
001857.jpg,0.2,0.2
001858.jpg,0.2,0.2
001859.jpg,0.26,0.1116
001860.jpg,0.26,-0.04
001861.jpg,0.26,-0.04
001862.jpg,0.2,0.1368
001863.jpg,0.2,0.2
001864.jpg,0.2,0.2
001865.jpg,0.2,0.2
001866.jpg,0.2,0.2
001867.jpg,0.26,0.0232
001868.jpg,0.26,0.0232
001869.jpg,0.26,-0.04
001870.jpg,0.26,-0.1284
001871.jpg,0.26,-0.24
001872.jpg,0.26,-0.24
001873.jpg,0.26,-0.24
001874.jpg,0.26,-0.24
001875.jpg,0.26,-0.24
001876.jpg,0.26,-0.24
001877.jpg,0.26,-0.1516
001878.jpg,0.26,-0.04
001879.jpg,0.2,0.0484
001880.jpg,0.2,0.2
001881.jpg,0.2,0.2
001882.jpg,0.2,0.2
001883.jpg,0.2,0.2
001884.jpg,0.2,0.2
001885.jpg,0.2,0.2
001886.jpg,0.2,0.2
001887.jpg,0.2,0.2
001888.jpg,0.2,0.2
001889.jpg,0.2,0.2
001890.jpg,0.2,0.2
001891.jpg,0.2,0.2
001892.jpg,0.2,0.2
001893.jpg,0.2,0.2
001894.jpg,0.2,0.2
001895.jpg,0.2,0.2
001896.jpg,0.0,0.0
001897.jpg,0.0,0.0
001898.jpg,0.0,0.0
001899.jpg,0.0,0.0
001900.jpg,0.1768,0.1768
001901.jpg,0.2,0.2
001902.jpg,0.2,0.2
001903.jpg,0.2,0.2
001904.jpg,0.2,0.2
001905.jpg,0.2,0.2
001906.jpg,0.2,0.2
001907.jpg,0.2,0.2
001908.jpg,0.2,0.2
001909.jpg,0.2,0.2
001910.jpg,0.2,0.2
001911.jpg,0.2,0.2
001912.jpg,0.26,0.0232
001913.jpg,0.26,-0.04
001914.jpg,0.26,-0.04
001915.jpg,0.26,-0.04
001916.jpg,0.26,-0.04
001917.jpg,0.26,-0.04
001918.jpg,0.26,-0.04
001919.jpg,0.26,-0.04
001920.jpg,0.26,-0.04
001921.jpg,0.26,-0.04
001922.jpg,0.26,-0.04
001923.jpg,0.26,-0.04
001924.jpg,0.26,-0.04
001925.jpg,0.26,-0.04
001926.jpg,0.26,-0.04
001927.jpg,0.26,-0.04
001928.jpg,0.26,-0.04
001929.jpg,0.26,-0.04
001930.jpg,0.26,-0.04
001931.jpg,0.26,-0.04
001932.jpg,0.2,0.0484
001933.jpg,0.2,0.2
001934.jpg,0.1116,0.1116
001935.jpg,0.0884,0.0884
001936.jpg,0.2,0.2
001937.jpg,0.2,0.2
001938.jpg,0.2,0.2
001939.jpg,0.0232,0.0232
001940.jpg,0.0,0.0
001941.jpg,0.0,0.0
001942.jpg,0.0,0.0
001943.jpg,0.0,0.0
001944.jpg,0.0,0.0
001945.jpg,0.0,0.0
001946.jpg,0.1768,0.1768
001947.jpg,0.2,0.2
001948.jpg,0.2,0.2
001949.jpg,0.2,0.2
001950.jpg,0.2,0.2
001951.jpg,0.2,0.2
001952.jpg,0.2,0.2
001953.jpg,0.2,0.2
001954.jpg,0.2,0.2
001955.jpg,0.2,0.2
001956.jpg,0.2,0.2
001957.jpg,0.2,0.2
001958.jpg,0.2,0.2
001959.jpg,0.26,0.1116
001960.jpg,0.26,-0.04
001961.jpg,0.26,-0.04
001962.jpg,0.26,-0.04
001963.jpg,0.26,-0.04
001964.jpg,0.26,-0.04
001965.jpg,0.26,-0.04
001966.jpg,0.26,-0.04
001967.jpg,0.26,-0.04
001968.jpg,0.26,-0.04
001969.jpg,0.26,-0.04
001970.jpg,0.26,-0.04
001971.jpg,0.26,-0.04
001972.jpg,0.26,-0.04
001973.jpg,0.26,-0.04
001974.jpg,0.26,-0.04
001975.jpg,0.26,-0.04
001976.jpg,0.26,-0.04
001977.jpg,0.26,-0.04
001978.jpg,0.26,-0.04
001979.jpg,0.26,-0.04
001980.jpg,0.26,-0.04
001981.jpg,0.26,-0.04
001982.jpg,0.26,-0.04
001983.jpg,0.26,-0.04
001984.jpg,0.26,-0.04
001985.jpg,0.26,-0.04
001986.jpg,0.26,-0.04
001987.jpg,0.26,-0.04
001988.jpg,0.26,-0.04
001989.jpg,0.26,-0.04
001990.jpg,0.26,-0.04
001991.jpg,0.26,-0.04
001992.jpg,0.26,-0.04
001993.jpg,0.26,-0.04
001994.jpg,0.26,-0.04
001995.jpg,0.26,-0.04
001996.jpg,0.26,-0.04
001997.jpg,0.0832,0.0
001998.jpg,0.0,0.0
001999.jpg,0.0,0.0
002000.jpg,0.0,0.0
002001.jpg,0.0,0.0
002002.jpg,0.0,0.0
002003.jpg,0.1716,0.1716
002004.jpg,0.2,0.2
002005.jpg,0.2,0.2
002006.jpg,0.2,0.2
002007.jpg,0.2,0.2
002008.jpg,0.2,0.2
002009.jpg,0.2,0.2
002010.jpg,0.2,0.2
002011.jpg,0.2,0.2
002012.jpg,0.2,0.2
002013.jpg,0.2,0.2
002014.jpg,0.2,0.2
002015.jpg,0.2,0.2
002016.jpg,0.2,0.2
002017.jpg,0.2,0.2
002018.jpg,0.2,0.2
002019.jpg,0.2,0.2
002020.jpg,0.2,0.2
002021.jpg,0.2,0.2
002022.jpg,0.2,0.2
002023.jpg,0.2,0.2
002024.jpg,0.2,0.2
002025.jpg,0.2,0.2
002026.jpg,0.2,0.2
002027.jpg,0.2,0.2
002028.jpg,0.2,0.2
002029.jpg,0.2,0.2
002030.jpg,0.2,0.2
002031.jpg,0.26,0.0336
002032.jpg,0.26,-0.1284
002033.jpg,0.26,-0.24
002034.jpg,0.26,-0.24
002035.jpg,0.26,-0.24
002036.jpg,0.1716,-0.1516
002037.jpg,0.0,0.0
002038.jpg,0.0,0.0
002039.jpg,0.0,0.0
002040.jpg,0.1768,-0.1768
002041.jpg,0.1768,-0.1768
002042.jpg,0.1716,-0.1516
002043.jpg,0.0,0.0
002044.jpg,0.0,0.0
002045.jpg,0.1768,0.1768
002046.jpg,0.2,0.2
002047.jpg,0.2,0.2
002048.jpg,0.2,0.2
002049.jpg,0.2,0.2
002050.jpg,0.2,0.2
002051.jpg,0.2,0.2
002052.jpg,0.2,0.2
002053.jpg,0.2,0.2
002054.jpg,0.2,0.2
002055.jpg,0.2,0.2
002056.jpg,0.2,0.2
002057.jpg,0.2,0.2
002058.jpg,0.2,0.2
002059.jpg,0.2,0.2
002060.jpg,0.2,0.2
002061.jpg,0.2,0.2
002062.jpg,0.2,0.2
002063.jpg,0.2,0.2
002064.jpg,0.2,0.2
002065.jpg,0.2,0.2
002066.jpg,0.2,0.2
002067.jpg,0.2,0.2
002068.jpg,0.2,0.2
002069.jpg,0.2,0.2
002070.jpg,0.2,0.2
002071.jpg,0.2,0.2
002072.jpg,0.2,0.2
002073.jpg,0.2,0.2
002074.jpg,0.0,0.0
002075.jpg,0.0,0.0
002076.jpg,0.0,0.0
002077.jpg,0.0,0.0
002078.jpg,0.0,0.0
002079.jpg,0.0,0.0
002080.jpg,0.0,0.0
002081.jpg,0.2,0.2
002082.jpg,0.2,0.2
002083.jpg,0.2,0.2
002084.jpg,0.2,0.2
002085.jpg,0.2,0.2
002086.jpg,0.2,0.2
002087.jpg,0.2,0.2
002088.jpg,0.2,0.2
002089.jpg,0.2,0.2
002090.jpg,0.2,0.2
002091.jpg,0.26,0.1168
002092.jpg,0.26,-0.04
002093.jpg,0.2,0.0484
002094.jpg,0.2,0.2
002095.jpg,0.2,0.2
002096.jpg,0.2,0.2
002097.jpg,0.2,0.2
002098.jpg,0.2,0.2
002099.jpg,0.2,0.2
002100.jpg,0.2,0.2
002101.jpg,0.2,0.2
002102.jpg,0.2,0.2
002103.jpg,0.2,0.2
002104.jpg,0.26,0.1168
002105.jpg,0.26,0.1168
002106.jpg,0.26,-0.04
002107.jpg,0.26,-0.04
002108.jpg,0.26,-0.04
002109.jpg,0.26,-0.04
002110.jpg,0.26,-0.04
002111.jpg,0.26,-0.04
002112.jpg,0.26,-0.04
002113.jpg,0.26,-0.04
002114.jpg,0.26,-0.04
002115.jpg,0.26,-0.04
002116.jpg,0.26,-0.04
002117.jpg,0.26,-0.2168
002118.jpg,0.26,-0.24
002119.jpg,0.26,-0.24
002120.jpg,0.26,-0.24
002121.jpg,0.26,-0.24
002122.jpg,0.26,-0.24
002123.jpg,0.26,-0.24
002124.jpg,0.26,-0.24
002125.jpg,0.26,-0.24
002126.jpg,0.26,-0.24
002127.jpg,0.26,-0.24
002128.jpg,0.2,-0.1568
002129.jpg,0.2,0.02
002130.jpg,0.2,0.2
002131.jpg,0.2,0.2
002132.jpg,0.2,0.2
002133.jpg,0.2,0.2
002134.jpg,0.2,0.2
002135.jpg,0.2,0.2
002136.jpg,0.1116,0.26
002137.jpg,-0.04,0.26
002138.jpg,-0.04,0.26
002139.jpg,-0.04,0.26
002140.jpg,-0.04,0.26
002141.jpg,-0.04,0.26
002142.jpg,-0.04,0.26
002143.jpg,-0.04,0.26
002144.jpg,0.1368,0.2
002145.jpg,0.2,0.2
002146.jpg,0.2,0.2
002147.jpg,0.0232,0.0232
002148.jpg,0.0,0.0
002149.jpg,0.0,0.0
002150.jpg,0.0,0.0
002151.jpg,0.0,0.0
002152.jpg,0.0,0.0
002153.jpg,0.0,0.0
002154.jpg,0.0,0.0
002155.jpg,0.0,0.0
002156.jpg,0.0,0.0
002157.jpg,0.0,0.0
002158.jpg,0.0,0.0
002159.jpg,0.1768,0.1768
002160.jpg,0.2,0.2
002161.jpg,0.2,0.2
002162.jpg,0.2,0.2
002163.jpg,0.2,0.2
002164.jpg,0.2,0.2
002165.jpg,0.2,0.2
002166.jpg,0.2,0.2
002167.jpg,0.2,0.2
002168.jpg,0.2,0.2
002169.jpg,0.2,0.2
002170.jpg,0.2,0.2
002171.jpg,0.2,0.2
002172.jpg,0.2,0.2
002173.jpg,0.2,0.2
002174.jpg,0.2,0.2
002175.jpg,0.2,0.2
002176.jpg,0.2,0.2
002177.jpg,0.2,0.2
002178.jpg,0.2,0.2
002179.jpg,0.2,0.2
002180.jpg,0.2,0.2
002181.jpg,0.2,0.2
002182.jpg,0.2,0.2
002183.jpg,-0.0652,0.26
002184.jpg,-0.24,0.26
002185.jpg,-0.24,0.26
002186.jpg,-0.24,0.26
002187.jpg,-0.24,0.26
002188.jpg,-0.24,0.26
002189.jpg,-0.24,0.26
002190.jpg,-0.24,0.26
002191.jpg,-0.1516,0.1716
002192.jpg,-0.1516,0.1716
002193.jpg,0.0,0.0
002194.jpg,-0.0884,0.0884
002195.jpg,-0.24,0.26
002196.jpg,-0.24,0.26
002197.jpg,-0.1516,0.1716
002198.jpg,0.0,0.0
002199.jpg,0.0,0.0
002200.jpg,0.0,0.0
002201.jpg,0.0,0.0
002202.jpg,0.0,0.0
002203.jpg,0.0,0.0
002204.jpg,0.0,0.0
002205.jpg,0.0,0.0
002206.jpg,0.0,0.0
002207.jpg,0.0,0.0
002208.jpg,0.0,0.0
002209.jpg,0.0,0.0
002210.jpg,0.0,0.0
002211.jpg,0.0884,0.0884
002212.jpg,0.2,0.2
002213.jpg,0.2,0.2
002214.jpg,0.2,0.2
002215.jpg,0.2,0.2
002216.jpg,0.2,0.2
002217.jpg,0.2,0.2
002218.jpg,0.2,0.2
002219.jpg,0.2,0.2
002220.jpg,0.2,0.2
002221.jpg,0.2,0.2
002222.jpg,0.2,0.2
002223.jpg,0.2,0.2
002224.jpg,0.2,0.2
002225.jpg,0.2,0.2
002226.jpg,0.2,0.2
002227.jpg,0.2,0.2
002228.jpg,0.2,0.2
002229.jpg,0.2,0.2
002230.jpg,0.2,0.2
002231.jpg,0.0232,0.26
002232.jpg,-0.1536,0.26
002233.jpg,-0.24,0.26
002234.jpg,-0.24,0.26
002235.jpg,-0.24,0.26
002236.jpg,-0.0684,0.0884
002237.jpg,0.0,0.0
002238.jpg,0.0,0.0
002239.jpg,0.0,0.0
002240.jpg,-0.1768,0.1768
002241.jpg,-0.24,0.26
002242.jpg,-0.24,0.26
002243.jpg,-0.0632,0.0832
002244.jpg,0.0,0.0
002245.jpg,0.0,0.0
002246.jpg,0.0,0.0
002247.jpg,0.0,0.0
002248.jpg,0.0,0.0
002249.jpg,-0.1716,0.1716
002250.jpg,-0.1716,0.1716
002251.jpg,-0.24,0.26
002252.jpg,-0.24,0.26
002253.jpg,-0.24,0.26
002254.jpg,-0.1516,0.2
002255.jpg,0.0252,0.2
002256.jpg,0.1968,0.2
002257.jpg,0.2,0.2
002258.jpg,0.2,0.2
002259.jpg,0.2,0.2
002260.jpg,0.2,0.2
002261.jpg,0.2,0.2
002262.jpg,0.2,0.2
002263.jpg,0.2,0.2
002264.jpg,0.2,0.2
002265.jpg,0.1116,0.1116
002266.jpg,0.0,0.0
002267.jpg,0.0,0.0
002268.jpg,0.0,0.0
002269.jpg,0.0,0.0
002270.jpg,0.0,0.0
002271.jpg,0.0,0.0
002272.jpg,0.0,0.0
002273.jpg,0.0,0.0
002274.jpg,0.0,0.0
002275.jpg,0.0,0.0
002276.jpg,0.0,0.0
002277.jpg,0.0,0.0
002278.jpg,0.2,0.2
002279.jpg,0.2,0.2
002280.jpg,0.2,0.2
002281.jpg,0.2,0.2
002282.jpg,0.2,0.2
002283.jpg,0.2,0.2
002284.jpg,-0.04,0.26
002285.jpg,-0.04,0.26
002286.jpg,-0.04,0.26
002287.jpg,-0.04,0.26
002288.jpg,-0.04,0.26
002289.jpg,0.1368,0.2
002290.jpg,0.2,0.2
002291.jpg,0.2,0.2
002292.jpg,0.2,0.2
002293.jpg,0.0232,0.26
002294.jpg,-0.04,0.26
002295.jpg,-0.04,0.26
002296.jpg,-0.04,0.26
002297.jpg,-0.04,0.26
002298.jpg,-0.04,0.26
002299.jpg,0.0484,0.2
002300.jpg,0.2,0.2
002301.jpg,0.2,0.2
002302.jpg,0.1116,0.26
002303.jpg,-0.04,0.26
002304.jpg,-0.04,0.26
002305.jpg,-0.04,0.26
002306.jpg,-0.04,0.26
002307.jpg,-0.04,0.26
002308.jpg,-0.04,0.26
002309.jpg,-0.04,0.26
002310.jpg,-0.04,0.26
002311.jpg,-0.04,0.26
002312.jpg,-0.04,0.26
002313.jpg,-0.04,0.26
002314.jpg,-0.04,0.26
002315.jpg,-0.04,0.26
002316.jpg,-0.04,0.26
002317.jpg,0.1368,0.2
002318.jpg,0.2,0.2
002319.jpg,0.2,0.2
002320.jpg,0.2,0.2
002321.jpg,0.0,0.0
002322.jpg,0.0,0.0
002323.jpg,0.0,0.0
002324.jpg,0.0,0.0
002325.jpg,0.0,0.0
002326.jpg,0.0,0.0
002327.jpg,0.0884,0.0884
002328.jpg,0.2,0.2
002329.jpg,0.2,0.2
002330.jpg,0.2,0.2
002331.jpg,0.2,0.2
002332.jpg,0.2,0.2
002333.jpg,0.2,0.2
002334.jpg,0.2,0.2
002335.jpg,0.2,0.2
002336.jpg,0.2,0.2
002337.jpg,0.2,0.2
002338.jpg,0.2,0.2
002339.jpg,0.2,0.2
002340.jpg,0.2,0.2
002341.jpg,0.2,0.2
002342.jpg,0.2,0.2
002343.jpg,0.2,0.2
002344.jpg,0.1116,0.26
002345.jpg,-0.04,0.26
002346.jpg,-0.04,0.26
002347.jpg,-0.04,0.26
002348.jpg,-0.04,0.26
002349.jpg,-0.04,0.26
002350.jpg,0.1368,0.2
002351.jpg,0.2,0.2
002352.jpg,0.2,0.2
002353.jpg,0.2,0.2
002354.jpg,0.1116,0.26
002355.jpg,-0.04,0.26
002356.jpg,-0.04,0.26
002357.jpg,-0.04,0.26
002358.jpg,-0.04,0.26
002359.jpg,-0.04,0.26
002360.jpg,-0.04,0.26
002361.jpg,-0.04,0.26
002362.jpg,-0.04,0.26
002363.jpg,-0.04,0.26
002364.jpg,-0.04,0.26
002365.jpg,-0.04,0.26
002366.jpg,-0.04,0.26
002367.jpg,-0.04,0.26
002368.jpg,-0.04,0.26
002369.jpg,-0.04,0.26
002370.jpg,-0.04,0.26
002371.jpg,-0.04,0.26
002372.jpg,-0.04,0.26
002373.jpg,-0.04,0.26
002374.jpg,-0.04,0.26
002375.jpg,-0.04,0.26
002376.jpg,-0.04,0.26
002377.jpg,-0.04,0.26
002378.jpg,-0.04,0.26
002379.jpg,-0.04,0.26
